Attribute,Category 1 Hour 1,Category 1 Hour 2,Category 1 Hour 3,Category 1 Hour 6,Category 1 Hour 12,Category 1 Hour 18,Category 1 Hour 24,Category 1 Hour 48,Category 1 Hour 72,Category 1 Hour 96,Category 2 Hour 1,Category 2 Hour 2,Category 2 Hour 3,Category 2 Hour 6,Category 2 Hour 12,Category 2 Hour 18,Category 2 Hour 24,Category 2 Hour 48,Category 2 Hour 72,Category 2 Hour 96,Category 3 Hour 1,Category 3 Hour 2,Category 3 Hour 3,Category 3 Hour 6,Category 3 Hour 12,Category 3 Hour 18,Category 3 Hour 24,Category 3 Hour 48,Category 3 Hour 72,Category 3 Hour 96,Category 4 Hour 1,Category 4 Hour 2,Category 4 Hour 3,Category 4 Hour 6,Category 4 Hour 12,Category 4 Hour 18,Category 4 Hour 24,Category 4 Hour 48,Category 4 Hour 72,Category 4 Hour 96,Category 5 Hour 1,Category 5 Hour 2,Category 5 Hour 3,Category 5 Hour 6,Category 5 Hour 12,Category 5 Hour 18,Category 5 Hour 24,Category 5 Hour 48,Category 5 Hour 72,Category 5 Hour 96
50159.min,49,58,37,113,17,122,37,187,177,199,100,162,162,215,221,246,279,231,295,320,98,160,178,213,242,250,274,234,220,207,57,85,127,219,121,179,132,185,336,279,114,153,170,206,233,266,299,255,313,358
INCISE CEREBRAL MENINGES.cpt,,,,,,,99,63,30,,,,,,,,82,42,76,,,,,,,,38,24,30,,,,,,,,101,151,300,,,,,,,,25,21,173,
SERUM TRANSFUSION NEC.cpt,18,34,108,95,127,121,138,101,118,109,16,3,20,5,27,17,16,14,11,4,8,40,67,162,186,206,124,112,127,144,114,67,2,5,52,30,71,53,123,198,128,26,157,120,83,134,72,112,238,153
tincture of opium.IH.rx,77,119,57,201,172,214,212,248,313,334,114,131,86,42,34,39,32,132,168,139,94,155,113,129,74,47,137,206,205,172,86,140,145,105,80,64,124,202,126,134,50,44,28,128,84,6,13,107,79,34
fentanyl.IV.rx,98,148,148,153,178,230,201,173,220,255,118,121,117,91,178,197,144,291,344,332,62,58,43,78,63,64,153,282,329,354,99,106,134,147,96,139,293,319,163,136,28,130,85,85,123,160,177,130,47,66
VENOUS CATH FOR RENAL DI.cpt,,,,59,101,113,106,27,33,14,,,,212,47,42,50,41,135,108,,,,197,163,194,85,83,93,122,,,,154,230,192,47,84,315,254,,,,72,56,80,76,95,183,148
guaifenesin.PO.rx,,,,,,,,,,166,,,,,,,,,,186,,,,,,,,,,232,,,,,,,,,,59,,,,,,,,,,132
aluminum hydroxide.PO.rx,,,,,,,,,,261,,,,,,,,,,190,,,,,,,,,,335,,,,,,,,,,32,,,,,,,,,,13
atenolol.PO.rx,,,,100,193,157,147,146,188,217,,,,72,144,133,152,315,354,291,,,,126,108,118,183,272,313,370,,,,100,40,145,80,190,76,56,,,,159,210,161,195,179,45,168
INJECT/INFUSE NEC.cpt,,,,,,,,49,90,81,,,,,,,,28,28,36,,,,,,,,61,57,107,,,,,,,,105,233,201,,,,,,,,47,191,109
50383.min,32,26,14,15,36,53,57,166,143,163,35,55,34,12,10,4,7,1,4,3,48,52,75,30,138,158,187,145,140,42,11,14,44,44,23,40,39,117,174,177,54,21,12,19,46,69,173,168,244,259
nicotine patch.TD.rx,,,,,,,,,163,159,,,,,,,,,181,277,,,,,,,,,166,203,,,,,,,,,42,31,,,,,,,,,28,128
labetalol.POIV.rx,,,,152,143,187,186,207,272,288,,,,77,126,143,156,294,334,312,,,,37,34,31,134,172,245,265,,,,113,139,69,267,181,59,44,,,,45,197,57,36,124,27,25
sodium polystyrene sulfonate.POPR.rx,,,,,,,167,180,248,164,,,,,,,289,242,237,308,,,,,,,176,251,356,336,,,,,,,65,189,62,41,,,,,,,125,178,24,166
acetylcysteine.POIV.rx,,,152,124,166,234,206,221,238,305,,,164,75,186,175,244,273,219,201,,,92,103,113,104,194,267,342,361,,,147,79,178,105,277,307,125,105,,,107,174,225,142,178,151,75,183
50417.median,,110,170,207,244,250,277,321,330,317,,68,13,33,187,192,210,335,351,363,,101,7,69,222,239,275,327,278,302,,104,104,138,205,262,276,346,214,196,,72,149,218,245,221,196,318,268,309
INSERT DUAL-CHAMBER DEVI.cpt,,,,,,,,24,54,20,,,,,,,,73,116,94,,,,,,,,49,95,111,,,,,,,,62,211,185,,,,,,,,32,134,15
50440.median,80,98,63,123,185,185,274,286,228,301,48,8,49,1,6,100,48,19,55,129,65,113,103,62,64,45,120,133,158,166,45,103,131,109,207,103,92,297,354,331,111,85,44,38,147,216,249,256,326,316
amiodarone.POIV.rx,126,160,158,200,221,156,149,208,285,313,121,140,169,134,99,179,267,264,311,297,30,93,79,90,66,35,36,91,3,2,87,73,173,132,133,100,235,270,82,89,38,114,99,183,214,173,194,220,100,213
OTHER GASTROSTOMY.cpt,,,,,,,,,23,7,,,,,,,,,81,71,,,,,,,,,54,53,,,,,,,,,234,187,,,,,,,,,162,94
LEFT HEART CARDIAC CATH.cpt,20,51,107,89,100,64,117,26,55,78,7,43,68,200,106,79,81,50,33,110,22,36,50,164,187,163,116,111,126,140,28,31,57,171,216,46,79,46,65,197,27,8,37,60,27,79,58,65,165,157
REPLACE AORTIC VALVE NEC.cpt,,,,,,,,59,56,10,,,,,,,,24,127,42,,,,,,,,26,60,71,,,,,,,,145,302,237,,,,,,,,63,199,106
50440.max,81,103,71,137,154,194,270,280,321,326,49,14,41,2,5,22,10,2,8,7,67,89,105,41,36,37,54,137,147,142,36,137,136,56,119,101,86,232,350,323,87,152,34,39,173,213,215,254,278,326
PLICATION OF VENA CAVA.cpt,,,,80,94,99,112,58,41,83,,,,66,53,48,34,80,41,107,,,,161,149,139,90,79,76,55,,,,33,129,123,176,26,169,180,,,,67,51,117,71,75,197,133
50018.median,,,,,,,299,298,348,332,,,,,,,252,278,327,219,,,,,,,301,243,234,255,,,,,,,243,337,325,318,,,,,,,262,329,333,355
levothyroxine.POIV.rx,124,124,159,166,153,233,225,245,301,316,126,153,171,98,212,225,254,221,279,241,129,128,142,130,91,97,200,264,309,329,59,111,67,28,97,17,74,188,2,75,62,31,105,118,148,49,145,158,77,192
50090.median,46,73,46,107,62,91,52,155,155,136,61,80,101,171,252,251,303,282,289,255,47,68,73,174,215,240,254,222,184,226,105,109,178,196,126,55,76,204,332,336,96,60,156,204,120,249,294,326,358,359
50468.median,74,71,91,130,142,169,243,220,263,233,57,67,42,64,92,139,177,229,157,336,73,47,85,107,151,229,261,319,324,292,20,44,11,24,21,52,37,51,60,129,116,123,171,217,241,241,282,299,316,332
VENOUS CATHETER NEC.cpt,25,56,106,94,65,82,123,105,124,116,18,56,57,217,29,14,53,119,65,122,15,14,31,83,159,136,55,116,131,153,111,42,28,129,163,198,125,169,327,290,125,51,168,78,89,50,78,123,240,194
50025.min,,,,,,,287,341,326,247,,,,,,,141,133,234,253,,,,,,,227,193,193,151,,,,,,,305,341,357,319,,,,,,,288,330,367,367
50383.median,23,15,9,11,25,29,55,140,151,135,27,31,11,11,7,35,22,38,71,118,39,43,83,27,39,101,160,185,181,156,6,20,32,34,11,18,25,35,158,200,29,17,13,17,87,28,131,215,250,247
SKIN SUTURE NEC.cpt,12,47,94,82,77,46,59,,,,14,27,46,190,115,50,29,,,,17,32,20,155,131,106,37,,,,121,91,40,77,244,182,115,,,,10,7,1,3,15,60,50,,,
lactulose.POPR.rx,,,,,,215,163,197,261,260,,,,,,149,218,330,214,189,,,,,,96,171,229,254,199,,,,,,138,185,225,100,106,,,,,,86,158,193,67,181
INJECT CA CHEMOTHER SUBS.cpt,,,,,,,,38,75,61,,,,,,,,67,100,54,,,,,,,,47,45,54,,,,,,,,27,175,128,,,,,,,,14,111,53
50140.max,,,,203,156,258,271,337,370,360,,,,108,140,268,260,188,249,217,,,,181,208,245,233,207,189,174,,,,141,120,245,259,317,334,289,,,,142,141,67,179,274,255,265
50073.median,,,,,,,278,301,288,374,,,,,,,226,251,154,256,,,,,,,250,291,341,332,,,,,,,199,87,167,325,,,,,,,213,281,341,353
VENTRICULOSTOMY.cpt,,25,113,45,57,62,104,61,61,36,,12,30,81,119,63,78,97,106,60,,2,9,16,125,93,64,59,33,64,,92,79,47,74,78,69,143,301,238,,46,25,42,47,77,30,22,161,51
50062.median,,,,,,,265,315,357,369,,,,,,,276,275,269,306,,,,,,,278,252,363,305,,,,,,,219,200,367,299,,,,,,,272,321,336,314
THOR VES RESECT W REPLAC.cpt,,,,,,109,108,78,42,68,,,,,,33,68,31,40,35,,,,,,120,46,14,51,26,,,,,,176,33,94,209,209,,,,,,73,63,46,170,49
50159.max,48,72,38,111,31,133,177,276,259,291,72,113,147,165,229,171,234,258,277,326,131,104,176,158,200,218,236,187,208,229,85,97,100,200,171,266,307,186,333,352,131,155,176,222,249,258,293,306,327,315
EXC WOUND DEBRIDEMENT.cpt,,,,50,22,32,73,16,106,24,,,,116,38,69,86,65,80,37,,,,175,175,170,110,94,103,118,,,,157,240,174,152,100,236,171,,,,96,71,88,40,86,147,79
diazepam.MULTI.rx,,,,,,226,178,148,208,212,,,,,,108,143,232,266,267,,,,,,29,82,132,157,161,,,,,,66,265,259,53,43,,,,,,135,159,137,33,89
50623.nn,,,,,,,236,281,286,209,,,,,,,3,20,20,128,,,,,,,22,134,153,160,,,,,,,57,182,152,165,,,,,,,10,50,128,235
PACKED CELL TRANSFUSION.cpt,24,50,119,98,134,123,151,109,137,123,19,42,12,22,42,8,19,16,13,14,13,20,71,187,190,210,130,120,136,150,109,86,61,179,238,86,158,83,117,163,122,33,145,65,16,78,35,101,226,159
senna.PO.rx,99,136,163,181,191,252,249,253,192,208,89,155,145,160,211,228,287,300,320,269,72,84,91,24,13,12,15,11,16,7,47,63,62,103,32,45,45,65,30,121,21,133,129,153,166,99,116,226,102,205
pantoprazole.POIV.rx,51,153,72,158,183,198,247,283,327,279,67,134,179,133,223,238,297,317,367,351,126,135,139,67,68,80,197,178,266,277,64,161,154,111,65,15,59,119,48,67,44,98,64,156,191,195,176,247,221,238
trazodone.PO.rx,,,,,205,232,199,227,260,297,,,,,101,151,263,321,317,287,,,,,119,110,192,223,233,276,,,,,169,210,245,295,94,84,,,,,127,106,134,191,59,174
50333.max,,20,21,64,146,144,231,314,317,341,,4,5,34,206,227,176,257,286,370,,8,4,79,253,261,266,322,364,323,,25,27,114,148,98,139,213,225,365,,147,91,126,117,224,133,252,282,285
DX ULTRASOUND-HEART.cpt,7,42,117,97,122,118,136,104,119,112,17,6,74,69,81,65,41,72,86,123,11,13,64,47,69,134,84,96,117,143,26,48,74,12,180,164,171,120,310,206,3,62,148,121,85,153,102,68,235,170
50442.min,31,27,5,36,32,39,24,160,153,172,37,26,32,7,36,109,20,7,17,19,46,57,100,55,127,216,212,162,155,136,23,8,19,32,19,22,34,85,124,166,18,23,15,12,90,53,140,133,248,242
metoclopramide.POIV.rx,,130,156,131,177,173,168,247,181,160,,114,173,172,197,211,217,217,284,348,,59,37,4,3,3,4,5,10,10,,144,165,7,18,67,12,40,27,76,,105,88,46,144,146,198,222,138,236
CARDIAC OUTPUT-THERMODIL.cpt,,,,,76,94,110,89,97,88,,,,,93,81,70,101,131,100,,,,,136,156,72,55,105,70,,,,,241,177,50,95,212,190,,,,,49,63,73,94,209,47
propofol.IV.rx,120,164,92,160,174,172,162,279,221,183,124,100,96,132,225,241,290,189,217,173,42,66,156,51,35,32,83,21,17,13,82,69,99,13,15,23,22,13,19,20,85,145,135,148,174,201,236,230,218,244
atorvastatin.PO.rx,114,94,100,109,162,190,223,137,139,146,74,102,69,58,67,147,233,284,308,330,114,153,155,157,150,144,232,285,349,369,96,83,126,62,202,229,252,228,164,124,69,69,47,193,207,198,219,244,153,241
50439.min,43,70,19,96,80,129,146,194,241,275,68,63,121,142,150,218,200,211,333,352,104,87,129,75,183,168,246,334,315,252,39,40,53,107,49,37,77,116,231,308,110,148,58,64,160,254,269,287,271,270
vitamin d.PO.rx,,,,,,,,190,231,256,,,,,,,,318,343,235,,,,,,,,266,338,288,,,,,,,,269,67,65,,,,,,,,156,16,140
50170.max,,,,,,,,335,341,359,,,,,,,,160,171,164,,,,,,,,280,291,317,,,,,,,,253,283,361,,,,,,,,283,312,271
50083.median,35,83,48,106,19,47,30,232,209,276,95,129,113,199,98,199,230,235,259,343,127,163,174,111,225,221,294,328,262,268,129,64,135,183,81,211,178,324,316,329,117,66,131,201,177,248,277,314,324,282
50373.max,,87,133,199,203,261,233,300,368,357,,101,118,95,228,190,175,283,212,369,,118,161,128,229,140,162,265,289,242,,167,125,194,232,261,192,339,363,293,,81,92,216,168,252,274,294,317,372
integrelin.IV.rx,62,79,28,12,41,14,16,22,122,,63,32,70,60,95,78,163,138,138,,82,117,149,95,106,92,196,260,343,,32,54,49,38,38,10,36,2,10,,75,88,116,175,200,165,162,160,30,
TOTAL CHOLECYSTECTOMY.cpt,,,,,,,,64,58,51,,,,,,,,94,108,79,,,,,,,,42,65,79,,,,,,,,75,228,276,,,,,,,,35,143,56
compazine.MULTI.rx,,,,187,190,229,195,205,273,240,,,,90,59,183,286,329,270,317,,,,56,97,74,154,247,243,372,,,,110,26,39,72,17,21,11,,,,173,209,170,206,182,69,189
50442.median,33,22,11,16,21,20,40,168,164,154,34,29,35,17,48,107,37,126,156,213,34,46,95,58,60,153,163,205,218,196,7,6,20,19,14,9,14,44,118,181,13,24,18,9,68,39,169,125,243,233
epinephrine.IV.rx,,,,,,216,183,209,249,221,,,,,,2,13,9,1,11,,,,,,13,6,2,5,5,,,,,,167,209,212,46,34,,,,,,127,142,154,53,116
50010.min,,,,,,,,,354,372,,,,,,,,,263,365,,,,,,,,,261,212,,,,,,,,,342,372,,,,,,,,,288,275
50386.max,30,9,2,5,7,8,13,123,134,140,39,53,10,67,58,118,133,150,180,254,40,21,35,19,27,48,104,158,192,200,9,18,22,16,8,35,21,54,149,245,22,13,9,13,38,24,105,140,246,249
RT/LEFT HEART CARD CATH.cpt,4,4,10,7,29,71,92,55,103,65,15,39,47,182,153,91,84,121,136,106,4,11,11,65,95,117,57,103,124,124,123,87,59,78,193,107,123,60,232,204,16,19,154,83,80,51,69,99,131,76
albuterol.IH.rx,50,108,50,167,165,192,203,177,318,329,105,95,89,73,39,102,65,131,179,144,130,151,137,143,115,67,186,254,307,303,42,152,117,64,122,142,95,197,97,142,60,111,80,196,115,15,114,116,81,43
hydrocortisone.POIV.rx,,,,,126,154,31,211,187,153,,,,,57,136,117,239,281,315,,,,,89,111,193,277,353,374,,,,,125,88,144,187,22,57,,,,,60,19,11,4,3,4
50062.max,,,,,,,264,328,364,366,,,,,,,213,259,220,230,,,,,,,258,311,328,338,,,,,,,264,258,346,342,,,,,,,290,338,357,344
azithromycin.POIV.rx,,,,,210,201,196,202,234,198,,,,,112,103,113,134,16,149,,,,,17,17,7,22,6,4,,,,,69,208,269,296,87,63,,,,,198,120,175,152,31,48
RT HEART CARDIAC CATH.cpt,,,,65,104,68,76,29,60,52,,,,29,105,56,25,76,56,50,,,,200,173,184,105,70,89,86,,,,73,158,80,68,102,194,173,,,,25,54,72,80,45,136,74
50010.median,,,,,,,,,345,373,,,,,,,,,240,232,,,,,,,,,365,341,,,,,,,,,359,351,,,,,,,,,332,295
CARDIOPULM RESUSCITA NOS.cpt,,,,,,,,41,69,49,,,,,,,,95,114,76,,,,,,,,52,91,77,,,,,,,,101,299,202,,,,,,,,73,196,117
INSERT INTERCOSTAL CATH.cpt,15,29,77,91,118,106,120,99,112,106,12,47,39,40,131,61,105,47,87,114,10,30,41,165,181,202,77,104,118,134,117,33,15,75,134,156,162,122,143,241,42,61,158,21,9,5,21,5,34,2
50073.max,,,,,,,266,291,305,337,,,,,,,241,181,166,220,,,,,,,272,281,274,319,,,,,,,85,158,200,358,,,,,,,223,320,369,354
ciprofloxacin.POIV.rx,,,,159,151,199,210,156,235,222,,,,148,176,162,204,287,335,270,,,,133,123,119,204,261,297,282,,,,117,187,89,232,236,58,95,,,,100,203,172,137,132,51,59
50148.median,,,,,246,268,305,289,265,186,,,,,208,195,190,141,192,231,,,,,156,178,167,142,169,185,,,,,95,256,218,325,246,223,,,,,146,223,211,265,294,324
50083.min,41,88,51,108,14,25,11,228,180,223,77,105,107,201,203,234,196,244,251,234,120,167,169,109,213,148,240,307,322,272,76,125,116,187,88,257,187,230,257,320,103,115,75,169,183,227,292,325,335,317
50079.min,,,,136,196,195,135,236,146,179,,,,220,250,250,155,228,304,282,,,,220,232,260,284,345,298,325,,,,221,220,235,222,248,191,143,,,,220,252,261,298,275,257,291
50016.max,,,,,,,284,308,355,344,,,,,,,273,337,300,283,,,,,,,211,149,183,210,,,,,,,191,199,221,126,,,,,,,221,245,276,246
INSERT GASTRIC TUBE NEC.cpt,,,,44,96,90,86,76,84,72,,,,101,114,51,17,60,37,61,,,,117,144,152,87,84,102,117,,,,161,146,185,111,111,264,228,,,,102,40,81,88,80,211,125
ampicillin-sulbactam.IV.rx,,,,,,,,145,171,203,,,,,,,,208,187,135,,,,,,,,255,241,177,,,,,,,,286,52,45,,,,,,,,171,25,139
50413.max,109,166,180,224,253,264,292,333,358,368,76,104,146,176,249,256,239,334,350,337,61,86,170,222,244,264,299,301,260,295,106,162,111,215,204,268,177,316,343,321,47,109,165,71,143,229,138,269,287,298
CORONAR ARTERIOGR-2 CATH.cpt,1,32,40,23,23,44,63,20,25,17,23,35,72,214,160,96,107,118,64,117,7,4,15,88,73,61,56,102,122,120,29,43,63,172,219,57,73,29,145,162,76,63,167,117,88,139,97,110,213,164
50112.min,101,115,171,140,248,177,248,265,168,144,129,167,151,222,253,128,301,277,213,321,76,95,104,149,211,244,259,320,311,350,88,127,98,205,53,102,286,191,249,375,120,159,181,223,193,243,289,346,352,352
nitroprusside.IV.rx,93,114,126,78,54,84,18,118,121,132,117,83,157,161,205,229,228,304,210,181,66,80,145,104,57,57,152,150,144,157,90,143,122,14,9,8,13,23,12,5,39,68,60,97,99,70,47,134,19,16
50408.min,,55,34,30,50,97,39,127,174,200,,128,90,49,175,232,139,269,231,281,,165,158,214,250,263,253,333,319,290,,101,137,190,210,158,55,77,153,313,,119,38,152,86,219,228,304,270,328
midazolam.IV.rx,106,146,143,180,228,248,244,269,306,333,111,151,158,88,162,153,160,302,322,344,58,123,90,134,134,124,207,299,347,351,65,158,163,121,61,137,242,311,159,135,53,78,66,62,121,97,161,135,61,175
50653.min,,,,,,,293,340,338,338,,,,,,,229,316,362,353,,,,,,,303,310,362,344,,,,,,,221,257,362,309,,,,,,,305,286,351,336
50060.max,,,,,,,,,130,,,,,,,,,,315,,,,,,,,,,259,,,,,,,,,,196,,,,,,,,,,291,
albumin.IV.rx,,,,,,,,130,158,197,,,,,,,,37,83,134,,,,,,,,107,18,19,,,,,,,,195,40,73,,,,,,,,10,7,8
IMMOBILIZ/WOUND ATTN NEC.cpt,,,,,,,,,35,47,,,,,,,,,75,65,,,,,,,,,63,98,,,,,,,,,193,184,,,,,,,,,164,104
LT HEART ANGIOCARDIOGRAM.cpt,2,31,53,20,18,52,64,13,26,6,8,51,77,70,121,90,106,66,77,116,5,17,57,203,161,164,94,108,119,137,125,3,38,46,104,13,41,37,165,167,126,38,125,54,19,30,12,49,132,85
50090.max,55,38,47,114,63,58,34,126,156,152,85,87,97,202,243,247,306,308,302,375,59,127,93,218,230,255,293,246,249,245,104,154,171,201,199,73,184,201,278,338,112,92,79,205,131,245,266,290,319,308
50428.min,88,89,160,198,206,193,155,299,316,218,29,58,43,8,1,19,8,10,9,10,85,99,167,138,207,187,221,189,156,154,15,52,7,25,43,7,15,4,120,69,94,94,51,81,126,226,248,257,302,272
50025.median,,,,,,,290,334,304,319,,,,,,,183,168,267,335,,,,,,,286,330,370,286,,,,,,,204,216,326,301,,,,,,,253,272,338,300
magnesium sulfate.IV.rx,115,163,131,205,197,243,246,261,279,269,88,156,181,119,209,213,216,293,243,238,93,77,89,23,31,46,155,194,173,193,101,118,110,148,64,200,289,320,184,146,79,120,83,151,216,200,229,175,150,243
magnesium oxide.PO.rx,,,,,,,172,215,232,282,,,,,,,236,312,359,198,,,,,,,165,216,178,178,,,,,,,186,285,104,90,,,,,,,174,122,43,63
50383.max,29,11,7,14,26,21,45,139,147,170,31,15,14,13,30,106,49,124,169,218,41,53,29,17,28,56,126,201,214,219,8,17,30,35,17,25,24,69,141,182,23,16,30,8,39,36,119,161,260,264
50112.max,89,126,175,211,152,238,160,282,309,310,123,158,167,204,248,237,238,218,230,300,69,137,126,136,254,259,277,344,312,330,67,72,91,188,118,241,301,261,353,367,97,156,173,221,244,247,301,335,297,325
ranitidine.PO.rx,,159,134,118,119,120,35,150,117,118,,152,137,147,157,224,198,197,244,333,,107,30,13,9,11,13,23,15,36,,38,109,85,109,223,244,210,102,64,,136,52,51,208,181,226,239,124,230
ESOPHAGOSCOPY NEC.cpt,,,,,,,,85,92,82,,,,,,,,71,117,63,,,,,,,,51,66,83,,,,,,,,96,290,159,,,,,,,,74,163,96
50170.median,,,,,,,,339,346,367,,,,,,,,151,172,152,,,,,,,,316,270,314,,,,,,,,292,364,356,,,,,,,,273,298,286
50148.min,,,,,245,267,286,311,367,371,,,,,177,170,171,169,253,261,,,,,195,228,172,154,152,187,,,,,131,215,256,299,205,229,,,,,170,257,271,323,363,366
levofloxacin.POIV.rx,107,120,79,122,33,54,20,116,198,177,62,118,95,28,8,13,31,106,155,148,124,147,151,156,117,126,203,293,333,285,16,160,156,61,50,161,271,231,130,112,71,116,122,161,224,199,237,187,149,234
promethazine.POIV.rx,,,,,,,,170,230,242,,,,,,,,326,336,304,,,,,,,,233,346,333,,,,,,,,208,70,18,,,,,,,,164,15,83
50648.nn,,,,,,,,258,216,289,,,,,,,,54,19,142,,,,,,,,144,176,191,,,,,,,,196,106,145,,,,,,,,143,263,245
CORONAR ARTERIOGR-1 CATH.cpt,,,105,70,81,75,102,30,72,55,,,65,193,149,83,98,110,59,104,,,39,96,118,151,101,80,74,62,,,34,72,75,58,42,104,151,214,,,68,14,4,9,60,8,129,29
50373.median,,100,81,183,168,256,237,303,363,324,,82,36,41,159,188,205,298,188,358,,54,69,73,212,142,146,263,275,218,,96,94,198,201,263,210,305,218,316,,164,147,224,199,232,273,300,293,342
HEMODIALYSIS.cpt,16,35,64,18,34,41,133,91,13,4,6,37,56,208,118,88,102,120,139,130,12,39,23,183,152,182,123,113,128,147,120,88,6,97,218,195,143,166,289,274,129,59,63,115,81,136,104,102,234,161
50068.min,84,99,176,218,250,167,268,304,323,281,64,78,44,223,217,249,235,344,316,350,68,74,147,59,226,232,307,336,334,346,46,80,181,213,174,264,206,332,204,353,93,89,43,132,150,196,157,250,266,266
50073.min,,,,,,,281,313,246,364,,,,,,,166,164,262,296,,,,,,,268,315,318,348,,,,,,,205,168,155,251,,,,,,,297,328,342,360
dextrose 50%.IV.rx,,,139,163,186,197,213,250,299,293,,,115,100,80,174,186,186,215,322,,,109,22,20,15,28,30,125,44,,,175,102,94,159,282,173,56,107,,,115,30,98,66,120,119,85,200
salmeterol.IH.rx,,,,145,211,220,114,178,223,224,,,,155,192,202,214,179,293,301,,,,120,96,38,140,190,217,162,,,,88,113,147,223,179,101,87,,,,172,119,157,111,184,55,141
FUSION OR REFUSION OF 2-.cpt,,,,,,,,,,62,,,,,,,,,,58,,,,,,,,,,100,,,,,,,,,,253,,,,,,,,,,84
CORONARY ARTERIOGRAM NEC.cpt,,,,,,,113,73,79,44,,,,,,,61,83,88,29,,,,,,,63,43,50,68,,,,,,,114,127,271,227,,,,,,,41,76,175,90
50650.nn,,,,,,,262,285,290,229,,,,,,,1,6,3,44,,,,,,,9,123,139,130,,,,,,,255,227,148,144,,,,,,,165,280,321,376
PERCUTANEOUS TRANSLUMINA.cpt,,,,,,49,61,47,68,41,,,,,,64,63,51,124,81,,,,,,171,86,53,72,116,,,,,,113,67,134,292,213,,,,,,121,84,85,193,120
CONTINUOUS INVASIVE MECH.cpt,27,53,35,21,111,77,143,108,131,119,20,10,1,39,61,27,110,130,147,137,2,5,6,63,185,165,127,118,135,155,116,41,12,87,239,206,182,176,329,298,5,35,110,127,91,167,106,23,219,155
50177.min,67,81,60,178,155,155,170,243,328,299,84,112,161,216,191,176,256,183,216,346,50,109,111,208,219,225,243,159,199,214,52,68,56,86,76,38,96,49,263,304,45,53,40,124,109,179,233,228,301,294
50653.median,,,,,,,294,331,351,325,,,,,,,136,311,369,376,,,,,,,213,326,367,320,,,,,,,231,310,356,330,,,,,,,281,309,307,311
INSERT DRUG-ELUT CORONA.cpt,9,19,95,56,86,102,91,43,88,73,5,33,75,189,137,52,76,108,94,48,19,22,62,108,130,186,109,95,108,125,124,93,35,156,156,82,103,113,207,235,17,20,127,49,44,54,81,61,215,127
PERICARDIOCENTESIS.cpt,,,,,95,89,60,72,82,79,,,,,104,45,52,55,102,64,,,,,158,172,108,74,92,112,,,,,245,189,141,121,255,260,,,,,29,52,49,66,154,73
SPINAL CANAL EXPLOR NEC.cpt,,,,,,65,,,32,84,,,,,,77,,,42,67,,,,,,185,,,77,109,,,,,,81,,,294,252,,,,,,35,,,166,45
cosyntropin.IV.rx,,,,,42,35,15,94,128,117,,,,,23,40,130,203,164,162,,,,,23,25,59,146,164,189,,,,,108,72,91,198,39,52,,,,,114,44,33,103,4,11
INSERT CATH INTO SPINAL.cpt,,,,,,101,115,77,89,46,,,,,,59,94,69,119,46,,,,,,179,96,48,64,99,,,,,,122,102,137,296,210,,,,,,125,28,52,201,69
50019.max,,,,,,,260,237,196,167,,,,,,,125,146,153,151,,,,,,,158,129,114,32,,,,,,,238,237,222,312,,,,,,,257,305,337,310
norepinephrine.IV.rx,,,,119,53,34,27,44,125,126,,,,61,109,201,272,265,331,263,,,,124,135,129,223,248,225,227,,,,142,135,93,181,193,84,102,,,,26,106,16,32,16,6,17
INJ OR INFUS OXAZOLIDIN.cpt,,,,25,27,38,43,23,15,13,,,,209,50,29,39,32,36,31,,,,198,112,166,95,90,82,95,,,,164,250,180,116,125,251,284,,,,10,20,3,15,15,117,134
allopurinol.POIV.rx,,,,,,,,153,224,228,,,,,,,,327,357,295,,,,,,,,239,316,248,,,,,,,,56,36,19,,,,,,,,138,13,37
TEMPORARY TRACHEOSTOMY.cpt,,,,,,,,,,57,,,,,,,,,,41,,,,,,,,,,92,,,,,,,,,,261,,,,,,,,,,91
insulin.SCIV.rx,65,121,70,165,161,200,239,284,324,323,94,90,60,47,20,123,123,224,229,262,105,142,157,152,193,196,239,213,212,188,73,58,120,149,149,162,227,254,183,140,83,87,98,202,238,204,239,227,229,248
50016.median,,,,,,,279,342,352,355,,,,,,,275,194,184,208,,,,,,,264,240,279,273,,,,,,,304,279,344,230,,,,,,,252,313,364,321
50002.median,,,,,,,291,307,336,268,,,,,,,221,204,370,362,,,,,,,306,323,358,300,,,,,,,306,245,351,344,,,,,,,276,310,344,331
lansoprazole.PO.rx,,,,196,170,183,185,189,295,311,,,,53,83,124,121,135,165,168,,,,140,75,82,185,221,200,222,,,,115,166,160,207,222,109,96,,,,90,97,11,95,3,20,3
INJ/INF PLATELET INHIBIT.cpt,13,30,78,40,68,40,33,33,74,40,2,36,25,159,129,43,96,115,115,87,21,34,68,171,171,200,102,105,116,132,27,62,86,98,228,71,127,90,162,160,113,39,73,79,76,59,39,27,139,135
PART SM BOWEL RESECT NEC.cpt,,,,,,,116,70,27,28,,,,,,,59,82,91,84,,,,,,,42,32,41,29,,,,,,,153,146,267,239,,,,,,,42,78,188,52
thiamine.POIV.rx,,,,171,187,182,159,142,202,236,,,,26,26,92,120,144,152,176,,,,28,15,9,17,126,134,39,,,,130,56,70,122,126,31,22,,,,155,222,162,160,196,68,180
50060.median,,,,,,,,,127,,,,,,,,,,314,,,,,,,,,,252,,,,,,,,,,188,,,,,,,,,,259,
CONTR CEREBR ARTERIOGRAM.cpt,8,16,56,43,39,60,54,21,91,32,21,2,54,178,145,71,44,114,126,38,3,24,19,178,94,113,74,39,61,61,21,35,77,45,60,77,49,32,171,255,99,34,155,73,13,98,24,79,125,28
50626.nn,,,,,,,103,201,255,165,,,,,,,2,13,6,136,,,,,,,12,125,143,106,,,,,,,121,239,83,178,,,,,,,199,277,303,289
captopril.PO.rx,,,,143,147,165,83,113,123,138,,,,106,196,216,295,336,364,331,,,,139,88,72,168,182,195,239,,,,89,57,87,75,39,7,47,,,,31,59,13,121,17,57,172
PERCUTANEOUS ABDOM DRAIN.cpt,,41,22,62,121,43,72,62,104,98,,21,81,158,90,82,40,107,98,109,,25,52,202,98,162,89,101,115,131,,24,60,174,70,148,167,157,276,233,,58,77,101,70,130,27,84,192,146
50333.median,,36,30,54,87,141,220,268,315,205,,7,9,10,180,235,194,299,233,367,,7,3,43,196,243,231,309,366,364,,26,41,76,68,50,89,177,156,216,,112,24,157,130,197,241,263,258,284
50025.max,,,,,,,307,323,314,356,,,,,,,262,279,332,233,,,,,,,238,209,238,299,,,,,,,189,290,313,350,,,,,,,250,278,304,268
influenza virus vaccine.IM.rx,,84,42,32,71,78,29,119,28,143,,85,120,83,65,166,138,248,341,229,,130,119,94,81,89,170,241,299,221,,155,76,122,39,152,136,129,90,50,,90,96,130,102,12,110,131,44,26
amlodipine.PO.rx,,,,,208,227,191,199,251,264,,,,,71,191,294,274,306,273,,,,,86,112,177,271,191,281,,,,,54,74,97,172,29,40,,,,,204,132,135,167,29,23
INCISION W/REMOVAL FOREI.cpt,,,,,,,,5,3,2,,,,,,,,88,85,75,,,,,,,,68,90,97,,,,,,,,130,253,232,,,,,,,,55,169,82
fluticasone propionate 110mcg.IH.rx,,,,,212,219,193,214,264,280,,,,,194,204,265,324,324,319,,,,,85,102,201,276,331,367,,,,,168,213,254,240,64,79,,,,,201,115,192,183,62,119
ceftriaxone.IVIM.rx,,,,146,200,210,208,216,293,308,,,,103,51,97,35,145,29,78,,,,31,10,10,3,18,2,3,,,,128,102,222,53,235,80,99,,,,136,135,168,193,190,82,201
ENDOVASCULAR EMBOL/OCCLU.cpt,,49,69,67,,,,,,,,17,2,213,,,,,,,,35,51,194,,,,,,,,89,84,69,,,,,,,,57,26,87,,,,,,
NONOP REMOVAL HEART ASSI.cpt,,,,,,,,52,83,54,,,,,,,,36,129,55,,,,,,,,85,56,66,,,,,,,,103,291,161,,,,,,,,53,168,122
50008.nn,,,,,,,,,347,336,,,,,,,,,174,159,,,,,,,,,12,11,,,,,,,,,114,152,,,,,,,,,245,260
50653.max,,,,,,,288,325,350,349,,,,,,,187,322,329,298,,,,,,,260,329,348,293,,,,,,,291,266,349,339,,,,,,,296,333,311,319
NON-INVASIVE MECHANICAL.cpt,,45,98,93,114,95,121,92,98,104,,23,82,192,141,80,45,43,125,40,,26,48,163,178,183,79,66,109,84,,90,45,144,215,178,140,131,275,270,,18,144,110,75,138,94,97,224,154
50439.max,56,78,58,57,141,147,205,242,236,335,41,94,52,89,72,145,79,61,84,43,108,132,159,72,197,224,247,218,159,167,41,61,14,90,6,16,7,11,135,141,102,161,16,147,116,233,243,271,305,347
50062.min,,,,,,,272,327,322,376,,,,,,,232,286,252,342,,,,,,,295,286,269,296,,,,,,,278,234,305,294,,,,,,,287,341,368,356
50411.median,58,93,125,147,85,142,218,198,178,244,66,160,166,151,245,233,167,234,221,185,45,67,131,61,216,235,257,258,295,304,131,132,159,181,253,239,241,302,366,349,109,135,180,212,251,265,302,342,362,368
chlorhexidine.PO.rx,,,,156,160,166,130,181,150,192,,,,131,198,217,296,332,256,325,,,,92,92,62,190,224,251,322,,,,126,186,220,246,306,113,61,,,,1,2,2,1,1,1,1
RESP TRACT INTUBAT NEC.cpt,,,,,48,31,,17,18,31,,,,,74,68,,93,113,92,,,,,166,174,,89,107,72,,,,,106,134,,138,287,256,,,,,73,91,,34,151,36
calcium carbonate.PO.rx,,,,128,157,239,200,225,274,302,,,,144,183,167,219,289,309,243,,,,122,126,122,199,275,320,298,,,,17,41,125,5,215,25,85,,,,138,172,158,171,208,66,195
hydralazine.POIV.rx,,,,162,198,217,174,192,256,266,,,,120,181,172,280,270,287,341,,,,98,105,103,181,219,317,349,,,,136,165,151,273,251,112,77,,,,180,179,150,187,206,99,212
age,53,64,65,105,44,139,141,255,159,161,65,74,100,105,179,182,207,149,255,276,28,50,36,80,49,91,148,161,216,231,78,77,179,223,206,168,249,314,361,366,31,65,23,44,96,85,130,237,296,274
REOPEN THORACOTOMY SITE.cpt,,,,,,92,81,48,86,71,,,,,,1,5,4,2,1,,,,,,143,75,60,86,93,,,,,,115,161,141,215,271,,,,,,126,85,77,158,93
cefazolin.IV.rx,118,158,155,117,137,150,156,138,140,148,120,138,175,76,133,122,142,152,67,133,71,115,98,7,7,7,14,110,44,50,91,156,51,6,1,5,6,12,15,2,77,141,112,177,185,171,210,195,115,232
50399.median,40,57,33,53,131,119,161,162,169,225,53,73,91,80,78,146,122,143,204,210,64,91,123,81,194,214,235,212,230,217,34,53,26,80,25,56,126,58,185,347,121,158,45,211,211,256,244,343,347,369
clopidogrel.PO.rx,83,59,54,103,171,143,144,122,141,149,46,20,28,4,52,104,115,64,121,140,88,157,135,146,154,141,217,227,248,213,31,56,70,23,73,68,198,167,74,80,64,140,132,179,230,189,127,210,97,196
PERITONEAL ADHESIOLYSIS.cpt,,,90,22,112,69,127,87,16,37,,,6,125,143,57,90,99,99,86,,,24,142,58,131,21,25,22,25,,,83,167,249,91,168,74,311,277,,,50,50,25,61,91,37,206,130
INSERT ONE VASCULAR STEN.cpt,,,,,,83,94,46,47,58,,,,,,67,43,85,61,72,,,,,,145,69,67,87,76,,,,,,114,98,135,239,262,,,,,,118,67,56,190,97
50442.max,39,14,12,9,20,24,62,164,148,189,28,30,27,54,73,110,114,148,228,329,25,48,78,48,41,70,136,169,228,224,12,7,18,10,7,19,11,50,137,207,11,22,22,15,92,22,113,145,253,263
heparin.IV.rx,91,139,103,125,106,149,202,219,287,201,71,148,98,24,22,21,124,49,27,12,112,140,96,97,128,66,174,256,235,230,72,131,95,160,137,214,208,313,160,130,26,86,136,191,217,87,225,235,114,219
clindamycin.POIV.rx,,,,,,,,183,244,271,,,,,,,,198,298,294,,,,,,,,148,165,197,,,,,,,,260,37,25,,,,,,,,173,36,113
eptifibatide.IV.rx,66,95,24,13,129,9,19,12,39,131,38,41,53,14,33,11,126,62,62,20,102,146,128,125,124,95,182,249,330,356,60,78,114,84,45,11,64,16,24,10,59,142,106,190,215,163,181,188,40,123
HEART COUNTERSHOCK NEC.cpt,,,,,66,86,105,69,99,85,,,,,113,70,73,86,132,62,,,,,160,173,78,75,96,63,,,,,155,121,52,150,230,269,,,,,32,90,66,88,200,108
50428.median,75,76,130,173,243,161,241,264,242,252,30,64,26,9,3,54,12,23,23,23,109,166,177,169,198,204,242,175,204,202,13,27,8,26,37,6,19,8,147,120,89,101,57,48,180,225,183,279,273,261
bisacodyl.POPR.rx,125,132,111,169,201,168,204,273,240,214,93,72,119,164,88,137,222,139,207,207,84,112,102,39,25,43,92,173,244,279,74,123,93,159,112,104,237,276,150,118,25,76,109,47,93,8,3,118,93,207
simethicone.PO.rx,,,,133,88,74,181,169,186,254,,,,62,21,105,54,216,303,160,,,,38,77,33,157,217,284,358,,,,116,173,204,279,288,54,53,,,,181,162,149,185,139,42,77
fluticasone.IH.rx,,,,,,,,165,207,213,,,,,,,,199,346,293,,,,,,,,220,253,186,,,,,,,,124,91,71,,,,,,,,166,38,35
REPLACE MITR VALV-TISSUE.cpt,,,,,,,,,63,25,,,,,,,,,95,96,,,,,,,,,88,119,,,,,,,,,272,217,,,,,,,,,187,107
50633.nn,,,,,,,137,188,183,206,,,,,,,4,30,24,132,,,,,,,18,140,160,170,,,,,,,58,171,108,174,,,,,,,4,114,216,258
OPEN REDUC-INT FIX FEMUR.cpt,,,,81,92,80,68,74,46,26,,,,93,120,53,66,79,130,47,,,,185,170,177,98,64,100,87,,,,163,147,183,163,108,269,267,,,,111,34,65,31,91,207,129
SUTURE OF ARTERY.cpt,,,,,52,88,71,50,76,59,,,,,13,6,11,15,14,5,,,,,71,133,50,28,31,30,,,,,160,175,149,148,309,192,,,,,48,116,74,18,148,38
50026.nn,,,,,,,276,336,298,267,,,,,,,206,158,160,199,,,,,,,129,122,84,31,,,,,,,23,19,105,68,,,,,,,190,204,249,267
oxycodone.PO.rx,79,125,124,134,188,174,226,233,201,141,106,123,103,65,40,112,146,171,162,266,103,72,21,10,11,24,51,135,161,175,95,141,168,124,203,163,294,264,173,138,58,100,134,82,163,119,153,243,223,251
hydromorphone.MULTI.rx,,,,58,30,130,38,136,149,174,,,,126,171,219,298,261,224,247,,,,54,59,60,149,156,171,146,,,,57,177,203,119,217,128,110,,,,80,223,175,214,216,98,211
PARENTERAL INFUS CONC NU.cpt,,3,6,38,11,10,25,6,5,9,,46,64,179,60,86,97,117,58,125,,33,34,145,90,99,81,82,36,23,,34,87,168,209,165,170,164,322,291,,47,141,52,53,84,98,109,236,169
neostigmine.IV.rx,,,87,61,55,26,14,110,11,22,,,148,122,108,156,164,178,183,249,,,42,2,1,1,1,1,4,6,,,160,8,12,54,9,31,8,6,,,94,55,151,100,207,225,113,225
REOPEN RECENT LAP SITE.cpt,,,,,,33,74,42,36,34,,,,,,3,26,11,26,8,,,,,,109,39,12,24,48,,,,,,116,156,61,244,220,,,,,,105,45,38,176,55
50009.min,,,,,,,,,,342,,,,,,,,,,166,,,,,,,,,,179,,,,,,,,,,314,,,,,,,,,,374
phenytoin.POIV.rx,100,113,132,168,224,163,145,176,211,272,83,62,104,36,14,114,182,205,352,313,43,42,14,14,14,21,35,155,272,267,68,147,177,91,128,207,296,241,131,115,40,80,17,70,221,194,231,229,109,220
50444.max,22,2,13,1,2,4,4,7,9,96,55,75,141,96,234,253,209,167,167,180,44,61,72,53,180,192,166,177,222,240,3,4,3,1,3,1,2,1,9,125,6,1,5,5,11,21,5,115,230,239
INS TRANSVEN LEAD-ATRIUM.cpt,,,,,,,,25,59,19,,,,,,,,74,111,93,,,,,,,,50,94,113,,,,,,,,64,213,183,,,,,,,,31,141,19
sodium bicarbonate.POIV.rx,,,,,,218,140,161,267,303,,,,,,210,202,290,247,275,,,,,,42,32,114,113,14,,,,,,47,105,174,92,58,,,,,,114,152,162,48,187
OTHER BRAIN EXCISION.cpt,,,,,,,,,,18,,,,,,,,,,82,,,,,,,,,,89,,,,,,,,,,208,,,,,,,,,,110
THORACENTESIS.cpt,,10,26,52,115,96,67,95,110,100,,49,15,92,86,41,91,91,69,103,,23,55,188,129,161,67,38,48,46,,23,24,175,235,124,107,133,314,199,,25,160,93,30,95,20,51,122,121
50408.max,,28,32,104,61,112,46,167,203,232,,161,114,107,96,222,157,292,196,290,,164,16,116,243,231,279,318,296,353,,107,96,199,208,238,104,184,208,305,,93,54,145,139,238,156,276,284,339
CONTRAST AORTOGRAM.cpt,,,,76,116,70,126,75,51,86,,,,102,12,23,21,22,22,21,,,,99,87,128,44,33,71,65,,,,162,243,127,112,109,298,264,,,,77,17,68,82,67,172,136
enoxaparin.SC.rx,,,,,,,,,222,235,,,,,,,,,205,197,,,,,,,,,321,271,,,,,,,,,68,54,,,,,,,,,21,142
50373.min,,96,73,220,149,257,158,241,291,184,,163,108,194,232,236,264,296,245,318,,83,88,105,209,209,145,230,273,250,,124,180,218,179,244,197,282,182,333,,129,102,215,140,228,255,302,283,304
50010.max,,,,,,,,,365,354,,,,,,,,,275,179,,,,,,,,,360,316,,,,,,,,,328,307,,,,,,,,,361,357
aspirin.POPR.rx,87,86,101,120,163,206,230,147,170,151,42,70,61,121,84,169,212,190,276,347,118,79,94,21,48,55,117,170,194,223,61,59,65,11,24,26,54,9,78,42,86,132,139,162,202,183,191,231,227,252
PTCA W/O THROMBOLYTIC AG.cpt,5,18,66,29,110,79,75,81,102,89,9,50,48,211,132,85,99,111,97,53,9,37,25,180,179,150,97,98,73,91,118,36,16,71,59,84,157,66,111,175,12,56,142,94,72,112,44,71,208,131
CONTROL GASTRIC/DUOD BLE.cpt,,,,68,40,18,42,36,24,66,,,,181,91,44,42,90,78,89,,,,110,29,49,30,13,39,102,,,,74,224,130,113,147,268,236,,,,53,28,42,57,57,203,111
dexamethasone.POIV.rx,,,,,215,189,166,191,239,238,,,,,173,154,193,249,349,228,,,,,33,53,119,174,162,168,,,,,87,150,120,43,45,12,,,,,219,23,147,141,32,167
protamine sulfate.IV.rx,,,,,,,,149,195,142,,,,,,,,3,5,2,,,,,,,,124,111,75,,,,,,,,48,6,3,,,,,,,,159,14,14
PULMON ART WEDGE MONITOR.cpt,,,,85,120,114,134,100,115,107,,,,203,152,46,104,116,112,77,,,,170,177,169,113,71,120,126,,,,120,237,190,174,161,306,243,,,,95,50,96,64,104,228,158
metoprolol.POIV.rx,90,155,136,176,214,178,214,294,269,322,52,111,106,141,199,206,266,342,258,349,113,125,106,44,44,40,65,160,150,158,98,130,169,58,136,109,46,73,81,88,57,121,71,163,234,211,212,232,232,228
50177.median,63,80,61,177,140,135,165,218,332,245,69,107,152,219,224,220,271,174,248,339,35,78,82,212,239,236,270,199,202,246,51,100,75,65,47,41,84,160,223,257,34,42,27,137,138,212,232,261,323,340
heparin.SC.rx,85,111,49,126,135,132,66,159,278,185,51,44,45,6,16,5,24,33,21,33,78,144,150,119,139,149,220,214,197,205,70,139,149,178,198,201,261,308,170,157,32,79,59,139,108,31,129,213,145,218
50061.max,,,,,,,,263,175,195,,,,,,,,245,313,357,,,,,,,,297,276,236,,,,,,,,278,202,369,,,,,,,,334,348,341
50019.min,,,,,,,222,302,349,277,,,,,,,245,325,274,360,,,,,,,296,314,292,308,,,,,,,299,338,368,286,,,,,,,230,266,279,303
50140.median,,,,170,139,176,209,277,162,181,,,,63,156,266,208,260,319,334,,,,207,246,253,283,283,263,263,,,,125,78,232,240,326,347,345,,,,29,156,174,184,264,280,296
50419.min,,123,97,210,241,260,269,329,360,365,,142,85,205,195,243,253,339,339,338,,122,114,115,231,251,302,325,361,340,,126,123,222,123,254,263,203,338,359,,165,126,197,239,234,234,293,309,327
OTHER PLEURAL INCISION.cpt,,,,,,,,,43,56,,,,,,,,,53,28,,,,,,,,,83,101,,,,,,,,,303,219,,,,,,,,,167,42
50068.max,57,135,169,208,199,152,184,272,258,180,78,97,29,157,63,116,195,172,202,285,81,63,97,20,67,51,139,184,203,262,55,115,69,209,182,253,266,340,256,322,30,77,78,125,95,191,99,199,272,277
sodium phosphate.IV.rx,,,,,,,,,247,270,,,,,,,,,294,246,,,,,,,,,285,324,,,,,,,,,55,30,,,,,,,,,23,156
miconazole powder 2%.TP.rx,,,,,,,,,138,133,,,,,,,,,48,205,,,,,,,,,352,376,,,,,,,,,35,35,,,,,,,,,2,5
50428.max,68,102,151,209,234,188,240,297,206,327,32,45,31,19,9,117,88,136,150,150,128,148,164,141,199,199,237,253,286,278,24,30,9,27,36,12,35,22,187,151,108,113,56,40,206,214,167,297,277,279
dolasetron mesylate.POIV.rx,,144,,186,220,225,229,239,276,220,,119,,87,155,200,261,267,260,161,,133,,144,137,130,219,288,271,331,,29,,55,188,106,287,33,26,14,,122,,189,187,159,204,189,91,184
levophed.IV.rx,72,67,25,92,15,16,12,14,81,125,107,98,94,35,76,214,257,281,365,248,122,126,112,150,141,137,216,228,224,201,19,76,167,127,191,110,202,243,115,111,70,102,32,59,122,27,90,20,12,162
CONTR ABD ARTERIOGRM NEC.cpt,,,,48,74,111,109,88,66,77,,,,198,139,20,23,56,46,66,,,,179,174,189,111,92,99,110,,,,48,246,128,130,139,229,268,,,,57,67,89,75,82,144,103
ATRIAL CARDIOVERSION.cpt,,,,,,,,,50,91,,,,,,,,,110,80,,,,,,,,,47,80,,,,,,,,,245,226,,,,,,,,,189,112
EXCISION OR DESTRUCT OTH.cpt,,,,,67,55,101,67,65,33,,,,,147,84,27,25,118,95,,,,,168,197,93,93,101,121,,,,,157,120,99,136,179,172,,,,,41,62,65,90,214,71
lorazepam.MULTI.rx,102,117,153,190,173,253,219,256,325,253,26,40,93,50,69,94,150,147,161,278,115,131,125,70,54,30,122,168,226,233,17,151,66,51,99,169,274,322,172,147,81,138,120,149,231,203,247,236,137,222
50641.nn,,,,,,,,,329,340,,,,,,,,,12,138,,,,,,,,,167,190,,,,,,,,,88,158,,,,,,,,,286,292
50411.min,60,85,140,142,102,131,216,200,190,204,90,115,178,168,244,239,172,238,197,155,51,51,120,100,217,241,249,268,256,301,63,146,153,212,217,252,225,209,365,346,107,150,179,214,242,264,307,331,365,375
PROC ON SINGLE VESSEL.cpt,,,,79,45,100,111,53,38,53,,,,187,111,72,69,59,122,97,,,,190,120,125,62,54,53,81,,,,152,151,83,66,110,216,259,,,,105,64,92,46,33,204,124
ondansetron.POIV.rx,95,151,157,197,230,241,227,260,302,304,103,127,124,85,125,193,145,236,170,227,90,134,143,154,101,138,151,203,207,198,33,45,151,66,189,224,288,274,138,117,63,134,93,176,113,187,208,221,104,221
furosemide.POIV.rx,111,149,135,192,226,205,211,252,271,321,50,81,140,169,182,177,168,212,200,209,77,129,110,147,155,147,215,139,151,133,79,113,157,49,143,53,117,315,180,153,74,126,89,187,213,193,201,201,212,231
50419.median,,107,89,204,242,245,285,316,344,362,,164,92,221,169,260,231,320,199,289,,55,74,131,233,233,265,295,314,260,,117,105,217,196,247,216,233,242,328,,108,152,203,218,246,235,285,289,305
EXTRACORPOREAL CIRCULAT.cpt,19,24,52,42,12,5,7,10,7,1,10,16,33,138,25,95,64,70,145,141,16,6,32,148,32,27,20,15,23,28,5,10,80,145,142,144,31,36,177,148,105,64,117,122,79,76,38,70,120,152
meperidine.IVIM.rx,,,129,144,207,175,179,230,160,162,,,174,139,168,181,179,182,186,237,,,122,8,8,6,11,10,14,18,,,132,108,86,202,247,283,134,113,,,84,103,194,182,217,205,112,224
50149.max,113,118,128,217,240,265,242,296,343,330,108,149,110,154,236,150,154,233,226,222,100,111,160,221,238,257,271,208,196,228,126,120,144,207,200,234,262,205,248,302,51,91,53,98,171,58,109,214,252,287
calcium gluconate.IV.rx,97,142,162,191,236,255,256,287,319,343,86,147,180,135,218,198,169,215,159,204,116,154,140,26,43,39,128,121,34,38,80,57,118,82,67,216,195,327,178,155,66,131,130,74,175,208,245,169,119,253
50661.min,,,,,,,306,326,335,300,,,,,,,302,226,232,356,,,,,,,297,346,368,328,,,,,,,300,328,261,306,,,,,,,260,344,329,370
INTRAOP CARDIAC PACEMAK.cpt,,,,,,,36,56,31,43,,,,,,,87,89,52,91,,,,,,,66,34,46,41,,,,,,,70,80,293,211,,,,,,,86,62,202,126
docusate.PO.rx,128,150,168,154,182,203,224,266,157,150,102,132,144,140,204,240,248,345,368,292,106,149,152,118,191,180,241,296,287,238,56,55,55,134,172,205,280,330,154,154,56,118,140,28,100,38,100,212,133,210
50417.min,,133,83,161,223,254,275,309,333,314,,109,21,59,222,231,191,343,340,372,,97,1,114,210,212,245,302,288,309,,138,68,203,110,260,272,277,199,191,,84,151,207,212,217,275,316,285,293
50019.median,,,,,,,221,171,266,176,,,,,,,128,191,193,156,,,,,,,188,196,182,176,,,,,,,226,344,217,242,,,,,,,270,303,318,335
lisinopril.PO.rx,117,91,141,184,229,235,189,257,292,257,24,92,84,112,70,140,159,280,353,258,97,124,144,121,142,121,210,198,186,180,94,145,176,118,85,193,258,312,133,119,72,107,70,188,192,109,182,197,86,193
50009.median,,,,,,,,,,309,,,,,,,,,,236,,,,,,,,,,258,,,,,,,,,,364,,,,,,,,,,365
50177.max,71,74,59,188,144,140,132,157,283,219,80,144,142,166,237,230,268,195,282,368,32,138,118,216,248,252,288,225,232,264,53,94,52,99,46,29,63,68,161,300,43,71,39,140,169,220,242,267,334,351
SPINAL TAP.cpt,,,115,75,117,72,129,97,108,94,,,38,196,55,49,77,18,34,17,,,54,50,47,86,34,20,21,24,,,36,146,233,191,166,123,286,283,,,49,113,77,137,87,92,222,149
50444.median,14,7,17,2,3,1,3,3,10,38,44,60,153,175,238,254,278,214,223,242,33,19,8,42,188,203,159,171,247,235,1,5,5,3,2,3,3,3,16,116,2,3,4,7,22,20,7,48,155,262
ANGIOPLASTY OR ATHERECTO.cpt,,,112,66,107,110,119,37,48,63,,,50,37,18,12,38,105,47,26,,,2,6,26,28,23,19,20,33,,,81,94,194,94,129,153,288,278,,,82,84,14,124,89,41,210,87
isosorbide mononitrate (extended release).PO.rx,,,,,,,,,176,249,,,,,,,,,342,286,,,,,,,,,306,371,,,,,,,,,33,38,,,,,,,,,26,143
simvastatin.PO.rx,,140,145,185,209,202,169,193,275,259,,89,116,127,202,203,246,272,312,252,,120,146,123,132,123,202,279,359,342,,74,172,92,107,217,203,303,96,60,,48,101,160,165,147,112,136,63,179
citalopram hydrobromide.PO.rx,,,,,,,,185,,273,,,,,,,,156,,98,,,,,,,,211,,274,,,,,,,,67,,48,,,,,,,,170,,44
50412.median,64,37,85,19,28,22,28,120,142,129,110,65,138,32,94,189,165,21,73,15,49,102,117,182,240,254,298,308,336,327,77,112,107,210,167,228,257,323,358,337,24,28,35,35,133,140,83,211,262,240
50444.min,11,1,20,4,4,3,2,4,8,74,56,91,127,185,247,245,274,297,363,364,53,71,13,77,148,198,142,166,231,249,2,2,10,2,4,4,4,5,23,131,4,15,3,6,5,14,6,81,160,250
diltiazem.POIV.rx,,,,,213,236,171,222,252,294,,,,,188,187,240,254,185,274,,,,,121,73,179,235,350,365,,,,,116,209,190,304,99,91,,,,,190,148,143,165,60,186
gender,129,97,120,214,189,204,298,343,289,347,60,125,129,110,158,163,162,185,285,200,60,105,130,217,234,226,300,294,303,334,50,75,90,197,184,44,183,263,321,292,123,163,177,210,253,263,303,311,366,302
vancomycin.IV.rx,37,12,1,3,1,2,1,1,2,108,33,93,125,71,100,113,189,341,198,193,123,90,84,84,157,135,206,238,255,284,62,119,121,81,127,111,133,162,32,139,35,55,41,4,12,1,8,2,71,80
ibuprofen.PO.rx,,,,,,,,184,144,196,,,,,,,,153,265,196,,,,,,,,181,229,269,,,,,,,,284,20,36,,,,,,,,157,49,177
fluconazole.POIV.rx,,,,,,,41,115,17,111,,,,,,,259,285,358,221,,,,,,,19,130,129,22,,,,,,,196,183,57,62,,,,,,,123,105,9,20
50159.median,36,60,23,112,16,138,173,275,219,262,82,136,133,218,231,212,285,305,291,328,91,143,179,210,218,265,285,197,170,169,69,121,155,211,190,243,285,247,337,326,118,157,174,195,236,267,283,296,331,350
ARTERIAL CATHETERIZATION.cpt,3,33,16,63,128,105,98,102,94,97,13,54,23,23,134,34,67,84,128,120,1,1,26,49,122,98,49,81,75,73,22,84,89,133,83,136,83,163,262,275,41,52,48,76,33,152,103,111,237,163
50468.max,76,69,80,150,158,162,263,288,218,202,45,66,40,46,163,160,258,338,261,374,37,44,81,91,167,217,251,340,335,312,37,65,17,29,22,59,56,28,139,108,124,103,164,219,250,237,280,319,325,288
INFUSION OF VASOPRESSOR.cpt,,23,118,88,51,59,125,32,107,29,,22,80,38,110,38,100,113,134,112,,38,61,186,176,176,100,100,112,129,,47,46,169,71,42,87,118,186,222,,5,14,33,1,26,16,7,76,10
sucralfate.PO.rx,,,84,102,69,50,23,128,109,110,,,139,136,164,178,197,192,173,239,,,53,3,6,4,8,7,8,15,,,174,18,28,62,26,72,13,9,,,114,75,157,166,227,233,118,223
ampicillin.POIV.rx,,,,,,,,,,156,,,,,,,,,,191,,,,,,,,,,216,,,,,,,,,,27,,,,,,,,,,21
multivitamins.POIV.rx,,128,146,135,180,207,234,172,226,295,,84,170,86,107,126,147,222,146,224,,92,132,113,38,41,131,136,142,57,,149,164,137,132,197,220,298,127,83,,124,95,154,158,113,202,163,90,185
INS STENT IN BILE DUCT/E.cpt,,,67,55,89,66,77,39,67,35,,,55,206,142,75,93,98,109,85,,,63,189,162,181,88,78,98,90,,,47,96,227,187,164,112,265,234,,,138,92,66,103,26,36,142,81
ascorbate.POIV.rx,,,,,,,,,,169,,,,,,,,,,170,,,,,,,,,,360,,,,,,,,,,33,,,,,,,,,,6
(AORTO)CORONARY BYPASS O.cpt,,,,,46,67,51,18,14,8,,,,,75,89,101,102,103,105,,,,,83,146,71,63,67,85,,,,,242,132,82,128,197,176,,,,,37,122,79,28,156,137
50413.median,104,157,177,222,254,246,300,319,361,358,112,88,136,191,235,259,277,237,236,153,63,81,168,195,241,256,291,269,239,261,110,135,158,220,236,240,179,281,317,362,49,73,172,88,129,215,128,268,264,283
50018.min,,,,,,,282,312,337,234,,,,,,,269,219,297,250,,,,,,,169,151,180,163,,,,,,,253,242,320,285,,,,,,,246,298,254,269
OTHER BRONCHOSCOPY.cpt,,,,,90,42,50,40,71,87,,,,,122,31,18,92,90,52,,,,,164,155,91,73,70,78,,,,,144,155,159,155,247,215,,,,,24,129,22,25,121,32
(AORTO)CORONARY BYPASS T.cpt,,44,45,73,13,17,9,19,12,11,,52,76,124,151,99,108,125,140,115,,16,44,176,70,59,45,37,49,94,,11,85,131,222,171,106,81,273,194,,41,146,119,82,101,77,106,123,145
warfarin.POPR.rx,,,,,167,228,175,229,214,191,,,,,154,194,284,306,254,265,,,,,55,65,138,153,174,244,,,,,111,97,260,238,85,66,,,,,178,164,163,209,80,203
INSERT NON-DRUG-ELUTING.cpt,,,,,105,98,100,68,34,30,,,,,44,25,57,103,38,30,,,,,51,83,52,41,40,56,,,,,105,119,155,97,260,247,,,,,7,111,70,60,198,88
50002.min,,,,,,,303,324,340,239,,,,,,,131,161,195,188,,,,,,,214,167,190,159,,,,,,,297,345,348,373,,,,,,,278,340,340,333
INSERT ENDOTRACHEAL TUBE.cpt,26,54,15,24,98,115,142,106,126,115,22,5,3,18,97,15,75,122,141,121,14,9,12,76,146,175,121,117,133,148,115,32,4,151,252,212,78,178,274,295,7,67,124,61,78,144,107,96,231,171
(AORTO)CORONARY BYPASS F.cpt,,,,,78,56,78,60,52,67,,,,,124,76,58,104,120,90,,,,,116,154,80,86,78,96,,,,,153,173,51,63,192,188,,,,,57,55,62,42,186,102
metoprolol succinate xl.PO.rx,,,,,,209,187,195,179,258,,,,,,209,270,314,348,257,,,,,,108,191,242,310,291,,,,,,43,215,291,73,49,,,,,,151,186,127,41,151
50172.max,112,131,166,213,233,266,283,332,356,285,119,117,132,143,215,258,305,301,366,225,119,136,171,215,252,268,305,337,305,287,113,116,92,208,93,267,188,218,330,376,37,117,29,91,136,240,126,253,353,312
neosynephrine.IV.rx,78,162,109,182,192,159,150,249,213,194,127,145,172,170,213,138,192,162,194,206,99,100,121,25,12,16,16,8,13,8,75,157,166,21,66,143,248,249,71,93,20,32,6,41,94,48,115,126,103,202
INJ OR INFUS NESIRITIDE.cpt,,,,,,81,90,31,37,45,,,,,,47,83,100,104,99,,,,,,188,76,87,106,127,,,,,,186,142,159,146,244,,,,,,110,29,30,177,41
50399.max,42,63,31,26,73,134,154,182,191,263,58,106,99,99,85,120,95,40,43,27,87,94,165,74,184,213,244,188,163,164,44,37,42,83,10,49,20,18,132,168,130,167,46,168,227,260,279,332,346,363
50412.max,59,39,102,28,37,37,65,132,167,139,87,165,135,25,49,131,109,5,18,18,55,121,80,151,223,248,276,317,325,313,103,166,101,204,183,258,217,321,370,310,8,29,19,27,134,64,19,200,269,255
50079.median,,,,138,216,247,232,244,185,173,,,,195,241,257,188,202,272,345,,,,223,247,258,280,339,282,318,,,,193,223,231,147,194,190,282,,,,134,254,251,286,292,265,348
INSERT CORON ARTER STENT.cpt,,,74,47,97,45,87,34,87,64,,,63,163,62,62,51,109,45,39,,,33,191,165,115,70,58,55,82,,,37,153,103,79,154,38,107,137,,,143,43,43,56,18,19,106,33
50647.nn,,,,,,,,,331,,,,,,,,,,32,,,,,,,,,,213,,,,,,,,,,176,,,,,,,,,,295,
FIBER-OPTIC BRONCHOSCOPY.cpt,,,99,31,109,85,118,71,100,95,,,79,188,135,87,92,96,79,111,,,60,201,109,157,107,97,104,128,,,78,165,226,95,165,149,285,281,,,163,108,42,133,54,72,225,95
50112.median,116,127,164,149,239,179,235,290,303,345,131,139,163,224,254,186,250,230,307,327,111,110,166,168,245,267,269,332,357,337,81,133,119,184,72,236,270,221,360,348,104,162,175,208,247,259,268,345,350,330
haloperidol.MULTI.rx,,,,,,,194,179,270,283,,,,,,,118,165,305,203,,,,,,,112,163,221,206,,,,,,,93,219,86,97,,,,,,,118,144,72,191
milrinone.IV.rx,,,,,,,,203,225,251,,,,,,,,26,7,9,,,,,,,,88,132,20,,,,,,,,280,38,23,,,,,,,,142,35,144
k-phos.IV.rx,,,,,217,186,148,204,280,210,,,,,32,129,119,206,218,169,,,,,46,34,144,164,201,215,,,,,92,76,44,25,61,81,,,,,167,75,200,198,94,215
50009.max,,,,,,,,,,286,,,,,,,,,,195,,,,,,,,,,139,,,,,,,,,,317,,,,,,,,,,307
hydrochlorothiazide.PO.rx,,,,,175,221,188,196,227,193,,,,,31,144,158,220,338,303,,,,,100,90,198,274,345,359,,,,,176,61,173,223,75,46,,,,,188,143,170,174,22,115
50408.median,,13,29,33,38,93,26,143,166,175,,130,37,43,89,152,134,213,203,272,,76,76,211,221,227,256,304,237,310,,99,108,195,89,250,94,180,168,303,,154,55,170,105,218,164,291,275,299
ENDOS SPINCTEROTOMY/PAPI.cpt,,,116,41,91,104,95,54,77,60,,,62,137,117,58,62,81,123,34,,,59,199,172,191,68,77,85,115,,,88,95,247,181,160,144,282,231,,,67,66,55,94,68,39,185,98
50386.median,34,8,3,6,6,6,8,111,129,124,36,28,4,21,54,121,46,137,178,216,27,27,47,15,40,85,147,183,172,171,10,16,31,36,13,27,28,45,129,221,14,11,8,20,45,43,101,148,241,204
prednisone.PO.rx,,,,157,225,240,207,206,282,284,,,,146,161,205,237,187,238,175,,,,33,42,58,135,186,240,234,,,,31,58,36,62,24,51,101,,,,69,125,41,136,153,73,72
feso4.PO.rx,,,,,145,164,153,163,237,290,,,,,167,164,173,262,241,245,,,,,99,84,195,204,209,182,,,,,124,48,201,300,98,70,,,,,220,154,172,185,58,176
VASC PROC REVISION NEC.cpt,,,,17,70,30,49,51,21,12,,,,94,79,24,28,46,35,16,,,,46,56,71,29,17,28,21,,,,59,251,92,169,86,307,272,,,,106,62,102,51,44,178,61
olanzapine.PO.rx,,,,,,,,,245,250,,,,,,,,,143,127,,,,,,,,,146,51,,,,,,,,,66,39,,,,,,,,,37,12
EXT INFUS CONC NUTRITION.cpt,21,40,122,87,132,87,139,103,136,120,3,38,24,27,11,18,6,8,15,119,6,28,56,132,189,207,125,115,130,152,71,13,21,93,150,140,138,175,312,288,33,9,65,22,36,47,9,6,84,7
phytonadione.MULTI.rx,,,147,175,176,191,190,251,217,243,,,150,149,201,215,247,207,273,192,,,108,64,53,44,133,157,168,195,,,112,54,63,60,10,21,43,82,,,111,133,226,178,218,219,96,206
50079.max,,,,132,249,224,280,305,268,328,,,,156,246,264,203,241,271,361,,,,219,249,266,281,331,281,307,,,,224,214,265,213,342,355,355,,,,146,243,255,291,315,314,371
50419.max,,104,149,202,150,208,257,238,284,352,,120,109,183,239,265,307,313,227,215,,152,28,184,224,238,262,298,265,297,,71,97,192,254,251,230,206,227,296,,49,137,178,186,239,258,288,274,313
50140.min,,,,219,123,136,58,158,111,128,,,,56,220,252,149,163,299,178,,,,205,220,234,290,292,294,280,,,,186,91,230,109,244,201,327,,,,63,161,206,251,246,320,297
vasopressin.IV.rx,,,,,,,,144,152,215,,,,,,,,166,264,154,,,,,,,,215,327,266,,,,,,,,207,69,55,,,,,,,,117,5,64
INJ/INFU THROMBOLYTIC AG.cpt,,,,,99,103,96,66,93,80,,,,,136,28,36,12,30,69,,,,,107,76,73,62,68,108,,,,,154,133,131,88,220,265,,,,,63,83,53,83,174,46
gentamicin.POIV.rx,,,,,,,,8,1,101,,,,,,,,276,280,299,,,,,,,,231,301,352,,,,,,,,287,49,26,,,,,,,,149,18,150
artificial tears.OU.rx,,,,,,,,141,253,287,,,,,,,,331,337,146,,,,,,,,270,340,357,,,,,,,,289,77,72,,,,,,,,150,8,22
neutra-phos.PO.rx,,,,,,,180,234,210,306,,,,,,,227,209,246,184,,,,,,,40,65,27,37,,,,,,,214,41,79,51,,,,,,,146,202,89,208
acetaminophen.POPR.rx,92,106,123,164,218,171,250,292,320,298,122,159,149,97,214,223,304,323,356,324,96,158,127,137,169,201,228,305,280,343,43,81,133,182,213,233,251,265,157,150,68,143,121,166,240,190,259,258,233,254
VASC SHUNT & BYPASS NEC.cpt,,,,,,,,84,64,21,,,,,,,,48,44,22,,,,,,,,36,26,40,,,,,,,,140,308,193,,,,,,,,58,159,70
gabapentin.PO.rx,,,,151,130,128,56,152,204,237,,,,104,165,180,282,225,209,187,,,,135,103,94,164,236,250,259,,,,112,114,85,284,275,93,78,,,,184,164,169,189,129,50,18
50399.min,52,61,39,99,64,124,152,154,189,226,59,71,111,111,166,184,211,303,328,366,117,103,162,68,147,159,229,300,257,275,25,51,43,39,44,65,146,132,323,370,119,166,90,164,184,235,267,339,292,362
phenylephrine.IV.rx,,141,110,121,148,137,80,235,161,147,,108,134,109,128,125,127,142,133,171,,114,86,9,4,5,10,6,9,12,,98,130,50,101,226,268,271,119,114,,27,36,11,21,10,23,26,101,214
50061.min,,,,,,,,254,205,190,,,,,,,,223,206,314,,,,,,,,257,283,289,,,,,,,,211,238,368,,,,,,,,322,355,364
50411.max,54,90,142,155,124,148,255,226,215,274,81,103,155,130,230,196,153,184,191,177,38,96,107,82,203,230,263,259,293,321,112,165,170,143,231,255,302,192,345,332,88,151,178,213,246,262,306,312,359,349
nitroglycerin.IV.rx,119,134,86,77,59,126,32,129,73,114,91,154,102,52,19,111,111,127,148,174,89,145,99,12,5,8,5,9,11,16,92,128,142,30,30,90,27,20,34,21,52,139,128,192,232,202,205,242,130,227
50440.min,86,105,93,115,164,153,252,231,165,296,40,11,66,16,17,165,140,196,201,373,52,119,101,45,45,50,161,152,175,283,54,95,113,104,100,227,283,268,340,374,101,82,119,37,159,231,264,249,315,320
morphine.MULTI.rx,121,156,165,141,204,212,253,278,307,278,128,157,165,45,77,173,148,112,149,182,57,139,154,32,16,23,48,119,59,27,100,150,141,52,31,149,88,255,142,132,84,106,103,185,237,210,254,259,239,257
duoneb.IH.rx,,,,,169,211,192,133,281,182,,,,,172,135,243,333,345,211,,,,,79,75,175,180,258,194,,,,,161,166,236,293,95,86,,,,,196,156,150,172,64,160
famotidine.POIV.rx,73,137,127,172,235,223,245,262,310,318,70,18,17,20,15,93,116,157,239,302,26,15,18,5,18,18,25,147,185,192,38,122,73,63,16,126,233,214,136,109,61,12,20,24,52,46,108,176,95,209
kcl.POIV.rx,127,138,167,174,195,160,254,293,257,320,109,122,177,115,227,244,242,340,361,355,80,60,49,18,76,77,230,306,351,368,83,153,124,180,164,237,298,331,166,127,80,137,97,171,195,205,203,224,205,237
methylprednisolone.POIV.rx,123,161,137,194,219,237,197,224,212,158,115,150,160,129,185,208,288,307,355,323,56,65,141,87,104,116,184,284,326,366,93,114,129,60,84,112,212,170,89,98,55,128,104,158,205,33,216,203,65,147
INSER TEMP TRANSVEN PACE.cpt,,,,90,108,108,107,83,78,70,,,,210,138,60,72,77,93,88,,,,196,140,160,106,69,69,67,,,,70,159,117,150,154,279,246,,,,107,58,74,43,87,194,101
50439.median,44,62,36,69,138,145,176,175,197,248,47,61,88,48,66,142,135,154,268,271,79,70,153,86,192,219,225,237,246,209,35,39,29,22,33,32,30,34,144,240,90,160,10,143,153,250,284,260,281,278
FLEX FIBEROPTIC COLONOSC.cpt,,,,,82,51,85,86,101,93,,,,,123,74,80,52,66,56,,,,,133,195,103,40,62,114,,,,,145,188,81,93,250,280,,,,,8,29,17,12,126,39
50661.max,,,,,,,304,330,366,361,,,,,,,292,243,283,268,,,,,,,255,335,337,375,,,,,,,137,273,352,354,,,,,,,285,308,356,361
milk of magnesia.PO.rx,,,,,,,,135,44,99,,,,,,,,200,301,212,,,,,,,,262,308,270,,,,,,,,107,47,17,,,,,,,,192,88,216
50149.min,131,167,173,179,181,184,238,320,250,230,104,135,130,173,233,161,249,346,278,310,95,159,172,209,201,205,189,143,149,183,127,82,140,202,175,196,295,343,241,205,95,104,150,104,128,209,148,241,300,338
TRANSPLANT FROM CADAVER.cpt,,,,,,,,,57,39,,,,,,,,,68,13,,,,,,,,,38,52,,,,,,,,,240,266,,,,,,,,,146,100
LIVER TRANSPLANT NEC.cpt,,,,,,,,,,27,,,,,,,,,,25,,,,,,,,,,60,,,,,,,,,,224,,,,,,,,,,99
nitroglycerin sl.PO.rx,,101,76,148,125,125,164,134,172,207,,77,128,118,146,134,281,177,292,305,,69,46,40,78,36,150,245,300,362,,21,64,101,115,63,224,82,44,16,,45,108,186,112,107,188,181,54,24
diphenhydramine.POIV.rx,,,,127,83,170,89,223,193,315,,,,145,24,115,89,176,151,167,,,,35,37,69,60,179,215,184,,,,40,117,108,194,59,41,122,,,,135,110,34,117,120,78,198
50149.median,108,112,104,189,238,251,182,295,353,346,130,166,105,114,210,130,201,310,208,226,101,161,173,224,206,223,234,131,137,145,102,136,106,191,181,249,281,267,252,273,92,74,133,68,145,145,149,240,256,273
SM BOWEL ENDOSCOPY NEC.cpt,6,5,55,39,93,36,88,93,96,102,1,25,67,177,102,32,71,53,107,113,18,29,45,204,102,79,41,99,121,123,30,22,23,123,221,153,90,92,259,258,127,54,100,23,18,32,34,29,105,68
mycophenolate mofetil.POIV.rx,,,,,,,,174,173,188,,,,,,,,288,142,172,,,,,,,,3,1,1,,,,,,,,262,50,28,,,,,,,,128,17,30
50417.max,,129,150,212,252,263,289,346,362,348,,124,22,78,219,148,180,240,318,340,,141,27,71,228,220,252,287,264,315,,66,146,189,234,242,250,309,331,297,,43,166,209,248,236,240,336,299,343
ethnicity,38,52,18,27,49,19,124,131,145,171,25,13,8,3,4,16,14,34,31,126,24,10,5,11,22,20,43,127,141,141,4,1,1,4,5,2,1,14,14,104,1,2,2,2,3,4,2,113,217,188
metronidazole.POIV.rx,103,92,41,37,8,11,6,9,70,121,92,137,159,74,2,7,30,140,51,143,70,62,133,85,72,105,180,226,211,243,66,159,150,150,185,199,135,226,122,133,48,127,113,182,229,180,168,194,110,229
piperacillin-tazobactam.IV.rx,,75,,51,47,127,47,107,135,145,,141,,84,45,101,129,271,177,194,,82,,89,114,87,141,244,177,204,,105,,67,141,225,145,165,72,103,,97,,18,10,18,48,108,46,27
50661.median,,,,,,,296,338,342,375,,,,,,,184,247,235,284,,,,,,,282,342,369,345,,,,,,,303,252,369,315,,,,,,,265,327,343,373
sulfameth-trimethoprim.POIV.rx,,,,,184,180,157,151,194,168,,,,,193,207,291,253,347,309,,,,,19,14,24,128,138,34,,,,,62,31,40,15,17,24,,,,,155,108,180,180,52,173
nystatin.PO.rx,,,,,,,,,229,178,,,,,,,,,137,307,,,,,,,,,219,237,,,,,,,,,18,7,,,,,,,,,10,9
50468.min,82,77,144,139,159,196,261,274,312,370,54,57,59,57,41,132,132,159,176,264,75,49,87,106,205,237,273,321,355,363,40,60,13,15,34,24,38,30,28,94,115,125,169,198,189,244,295,289,322,346
CONTRAST ARTERIOGRAM-LEG.cpt,,,75,83,113,107,97,82,80,90,,,16,180,28,10,15,39,50,24,,,17,66,82,127,58,27,32,43,,,48,119,192,129,108,142,281,248,,,159,109,31,131,92,24,157,105
PTCA-MULTIPLE VESSEL.cpt,,,,,,,,15,49,,,,,,,,,29,60,,,,,,,,,76,97,,,,,,,,,114,210,,,,,,,,,13,127,
50061.median,,,,,,,,246,200,211,,,,,,,,252,290,288,,,,,,,,303,267,241,,,,,,,,256,195,371,,,,,,,,317,328,329
50068.median,70,122,174,215,227,158,259,271,300,227,98,99,73,207,148,159,220,227,257,279,121,64,136,36,143,114,248,290,277,294,58,70,102,214,195,246,239,250,284,341,46,96,31,129,101,184,124,186,308,281
50386.min,28,6,4,8,9,12,21,114,120,130,43,19,18,30,43,127,55,35,57,32,36,56,70,29,61,208,205,165,145,88,14,19,33,37,35,14,43,70,103,170,19,10,7,16,69,25,141,146,242,217
50412.min,69,65,121,34,24,15,22,124,154,127,99,126,168,44,184,255,215,175,175,147,31,85,116,172,251,262,289,313,339,326,107,164,72,206,211,259,292,334,341,357,15,14,21,32,107,192,37,238,267,256
zolpidem tartrate.PO.rx,,154,138,129,179,181,217,210,277,241,,69,83,55,174,168,255,263,296,311,,106,124,127,145,132,222,278,302,355,,46,152,135,162,221,275,272,140,123,,99,118,123,181,177,220,217,74,178
50172.median,94,152,178,216,232,213,258,270,297,231,97,96,123,167,200,261,293,250,325,371,86,88,181,173,214,246,292,338,344,311,108,102,71,106,77,154,211,55,181,169,36,75,61,99,118,230,155,295,370,322
50172.min,122,147,179,221,247,222,273,217,243,157,116,146,131,186,240,267,170,255,321,259,92,73,175,153,235,242,267,341,323,247,130,110,138,176,82,157,180,78,203,195,67,95,33,131,137,242,154,284,354,318
line flush.IV.rx,110,109,172,206,222,259,251,259,262,307,101,76,87,68,190,242,185,193,182,165,29,45,22,34,30,26,115,141,179,211,97,129,128,43,55,33,32,71,5,29,65,146,123,165,104,40,122,121,70,60
dopamine.IV.rx,105,145,161,193,194,242,215,240,254,292,75,133,156,128,207,221,283,256,288,260,83,116,134,101,110,107,173,273,332,373,48,142,139,139,138,218,118,294,116,100,78,50,11,144,111,7,139,98,11,182
digoxin.POIV.rx,,,,,202,231,198,213,233,246,,,,,189,158,223,268,360,244,,,,,84,68,156,191,154,173,,,,,48,51,8,91,110,74,,,,,142,155,151,177,56,165
RT HEART ANGIOCARDIOGRAM.cpt,,,,,,57,93,45,62,42,,,,,,73,74,68,92,83,,,,,,167,99,57,37,59,,,,,,172,100,52,295,189,,,,,,17,56,9,135,40
DEBRID OPN FX-TIBIA/FIB.cpt,,,,71,,,,,,,,,,82,,,,,,,,,,193,,,,,,,,,,68,,,,,,,,,,86,,,,,,
50413.min,130,165,181,223,251,249,302,317,359,363,96,79,112,184,216,262,299,173,190,158,74,98,163,167,236,249,287,289,236,256,84,163,143,216,212,219,193,318,258,343,73,110,153,89,103,222,132,282,310,306
OTHER SKIN & SUBQ I & D.cpt,,,,,,,,65,40,48,,,,,,,,57,54,45,,,,,,,,72,79,103,,,,,,,,156,254,179,,,,,,,,40,182,86
50018.max,,,,,,,301,345,369,353,,,,,,,161,309,225,145,,,,,,,143,210,198,181,,,,,,,229,335,226,324,,,,,,,256,307,345,345
EGD W/ CLOSED BX.cpt,,,,,,,,80,95,75,,,,,,,,78,82,70,,,,,,,,35,58,104,,,,,,,,115,304,225,,,,,,,,54,171,57
dobutamine.IV.rx,,,,,,,,,,216,,,,,,,,,,157,,,,,,,,,,254,,,,,,,,,,37,,,,,,,,,,31
OPEN AND OTH RIGHT HEMIC.cpt,,,,,,,,,85,76,,,,,,,,,63,49,,,,,,,,,42,58,,,,,,,,,266,263,,,,,,,,,179,62
ENDOSCOPIC BRONCHIAL BX-.cpt,10,17,82,86,103,116,131,98,113,105,11,48,58,31,87,37,60,44,39,57,20,41,58,192,182,193,114,106,110,135,122,49,25,173,130,194,175,152,319,287,98,30,62,36,74,141,96,43,108,67
OPN MITRAL VALVULOPLASTY.cpt,,,,,,,,,53,50,,,,,,,,,89,73,,,,,,,,,80,69,,,,,,,,,237,212,,,,,,,,,184,50
CATHETER BASED INVASIVE.cpt,,,,,,,,57,45,23,,,,,,,,63,101,68,,,,,,,,56,81,105,,,,,,,,99,235,149,,,,,,,,59,181,58
REPLACE AORT VALV-TISSUE.cpt,,,,46,60,27,44,35,29,15,,,,197,37,66,33,27,72,102,,,,159,93,78,31,29,29,35,,,,155,248,184,134,76,280,250,,,,34,23,45,14,11,152,75
PLATELET TRANSFUSION.cpt,,48,68,74,79,117,128,96,114,103,,1,19,150,35,9,9,17,10,6,,31,65,160,153,190,118,109,123,138,,12,39,42,197,99,148,57,243,164,,4,86,116,35,128,59,93,140,78
ketorolac.IVIM.rx,,,,,136,76,122,121,132,137,,,,,56,155,225,246,222,183,,,,,65,88,209,195,187,225,,,,,27,20,17,10,4,4,,,,,124,37,166,147,92,190
50170.min,,,,,,,,322,339,350,,,,,,,,210,310,202,,,,,,,,324,304,347,,,,,,,,336,339,340,,,,,,,,262,330,290
50016.min,,,,,,,295,344,334,339,,,,,,,199,155,163,163,,,,,,,208,250,188,165,,,,,,,228,329,335,335,,,,,,,238,337,360,323
50083.max,47,82,62,101,35,48,69,318,294,331,113,116,122,113,170,248,224,295,330,354,110,162,180,177,237,247,304,343,290,253,128,134,162,177,90,141,172,229,318,311,100,149,72,199,235,253,304,301,306,337
folic acid.POIV.rx,,143,154,195,231,244,228,212,296,312,,86,71,79,82,119,178,201,158,214,,150,148,60,24,19,61,138,148,149,,148,115,140,140,170,290,301,121,92,,83,74,167,228,186,224,207,83,197
PULSATION BALLOON IMPLAN.cpt,17,46,114,35,72,61,84,90,105,92,4,24,51,162,130,36,103,87,96,51,23,18,40,112,80,52,33,31,43,47,119,50,58,166,229,135,128,106,219,249,106,6,162,112,6,123,52,100,220,114
atropine sulfate.IV.rx,61,66,8,10,5,7,5,2,4,113,73,59,126,51,46,30,47,123,25,74,125,75,115,52,52,54,132,200,210,208,18,15,54,20,51,21,29,7,3,13,82,144,69,194,176,188,197,218,87,199
nitroglycerine.IV.rx,96,116,96,110,133,151,82,117,133,122,125,110,176,153,68,141,137,75,70,124,107,156,138,102,21,22,26,45,19,17,49,79,103,41,29,28,16,6,1,1,9,40,42,141,149,176,144,155,39,138
CONT INTRA-ARTERIAL BLD.cpt,,,,,75,23,53,28,19,5,,,,,64,26,56,45,74,101,,,,,111,81,53,44,35,49,,,,,225,131,61,89,270,218,,,,,26,104,55,89,195,118
ENTEROSTOMY NEC.cpt,,,,49,84,73,48,79,22,16,,,,117,116,55,85,58,105,59,,,,93,50,100,27,16,25,45,,,,158,152,118,151,98,297,186,,,,58,65,82,61,64,180,92
50333.min,,21,27,116,58,146,79,125,182,187,,9,7,15,251,226,174,266,211,359,,3,10,57,227,222,226,312,354,339,,28,50,53,42,34,48,47,63,203,,70,81,150,132,185,261,248,251,276
50002.max,,,,,,,297,310,311,351,,,,,,,300,328,250,223,,,,,,,178,192,206,257,,,,,,,234,220,224,363,,,,,,,263,270,339,280
50627.nn,,,,,,,,306,308,,,,,,,,,128,49,,,,,,,,,176,227,,,,,,,,,246,198,,,,,,,,,251,290,
glycopyrrolate.IV.rx,,,88,60,56,28,17,112,20,69,,,154,123,103,157,151,170,189,251,,,38,1,2,2,2,4,7,9,,,161,9,20,75,18,42,11,8,,,87,56,152,93,209,223,116,226
50060.min,,,,,,,,,116,,,,,,,,,,326,,,,,,,,,,268,,,,,,,,,,206,,,,,,,,,,247,
sertraline.PO.rx,,,,,,,,,,265,,,,,,,,,,280,,,,,,,,,,306,,,,,,,,,,15,,,,,,,,,,54
50090.min,45,68,43,84,43,63,70,186,199,155,79,143,143,152,242,263,251,319,323,316,54,108,77,166,204,215,224,232,242,251,89,108,148,185,170,96,110,224,324,360,91,36,76,200,182,268,300,324,349,334
50148.max,,,,,237,262,267,267,184,134,,,,,226,185,181,180,242,240,,,,,202,211,218,202,223,220,,,,,79,248,200,333,277,334,,,,,154,207,222,234,261,301
1 INT MAM-COR ART BYPASS.cpt,,43,44,72,10,13,10,11,6,3,,34,78,174,127,98,112,129,144,131,,12,66,206,62,63,47,46,52,74,,9,82,170,98,146,60,79,189,156,,37,161,114,61,71,93,69,107,65
